{"cameraMode":{"drawMode":0,"name":"Shaded","section":"Shading Mode"},"sceneLighting":false,"audioPlay":false,"sceneViewState":{"m_AlwaysRefresh":false,"showFog":true,"showSkybox":false,"showFlares":true,"showImageEffects":true,"showParticleSystems":true,"showVisualEffectGraphs":true,"m_FxEnabled":true},"in2DMode":false,"pivot":{"x":0.0014739632606506348,"y":-0.31999993324279787,"z":-1.4640586376190186},"rotation":{"x":0.25259554386138918,"y":0.04147980362176895,"z":-0.010838908143341542,"w":0.9666324257850647},"size":2.067600727081299,"orthographic":false}